child_table,child_column,parent_table,parent_column
acquiring_cert_evidence_reports,pack_id,issuer_cert_packs,id
acquiring_cert_runs,run_id,acquiring_cert_runs,id
acquiring_cert_test_results,run_id,acquiring_cert_runs,id
acquiring_cert_test_results,test_case_id,acquiring_cert_test_cases,id
AgencyCreditLedgerEntries,AgencyId,AgencyProfiles,Id
atm_admin_cash_operation,terminal_id,atm_terminal_profile,terminal_id
atm_c3r_reconciliation_run,terminal_id,atm_terminal_profile,terminal_id
atm_evidence_artifact,voice_prompt_pack_id,atm_voice_prompt_pack,id
atm_lod_file_artifact,screen_definition_id,atm_screen_definition,id
atm_screen_definition,MerchantId,PosMerchants,MerchantId
atm_screen_distribution_job,terminal_id,atm_terminal_profile,terminal_id
AuthorizationHolds,CardId,PrepaidCards,Id
AuthorizationHolds,ReplacedByCardId,PrepaidCards,Id
CardFeeRules,FeeId,Fees,Id
CardProducts,LimitProfileId,LimitProfiles,Id
CardProducts,ProgramId,PrepaidPrograms,Id
CardStockBatches,ProductId,CardProducts,Id
ClearingRecords,ClearingBatchId,ClearingBatches,Id
CmsTransactionLogs,CardId,PrepaidCards,Id
CmsTransactionLogs,WalletAccountId,WalletAccounts,Id
compliance_evidence_items,control_id,compliance_controls,control_id
ConfigurationChangeItems,ChangeRequestId,ConfigurationChangeRequests,Id
ConfigurationChangeItems,DefinitionId,ConfigurationDefinitions,Id
ConfigurationDefinitions,DomainCode,ConfigurationDomains,Code
ConfigurationDeployments,ChangeRequestId,ConfigurationChangeRequests,Id
ConfigurationHistory,DefinitionId,ConfigurationDefinitions,Id
ConfigurationValues,DefinitionId,ConfigurationDefinitions,Id
CorporateBudgets,DepartmentId,CorporateDepartments,Id
CorporateBudgets,EmployeeId,CorporateEmployees,Id
CorporateBudgets,CorporateId,CorporateProfiles,Id
CorporateDepartments,CorporateId,CorporateProfiles,Id
CorporateEmployees,DepartmentId,CorporateDepartments,Id
CorporateEmployees,CorporateId,CorporateProfiles,Id
CustomerDisputes,LinkedChargebackId,ChargebackCases,Id
CustomerDisputes,DisputeId,CustomerDisputes,Id
DebitCardBranchStockItems,AssignedCardId,PrepaidCards,Id
DebitCardBranchStockItems,CardId,PrepaidCards,Id
DebitCardProductionOrders,ProductId,CardProducts,Id
DebitCardProductionOrders,AssignedCustomerId,Customers,Id
DebitCardProductionOrders,BranchStockItemId,DebitCardBranchStockItems,Id
DebitCardProductionOrders,CardId,PrepaidCards,Id
DebitCardProductionOrders,OldCardId,PrepaidCards,Id
DirectDebitMandates,CustomerId,Customers,Id
DisputeEvidence,AccountCode,GlAccounts,AccountCode
EftTransfers,ReconciliationRunId,ReconciliationRuns,Id
FinancialOperations,CardId,PrepaidCards,Id
FinancialOperations,WalletAccountId,WalletAccounts,Id
GlAccountBalances,ReversesJournalId,GlJournalEntries,Id
GlJournalEntries,CustomerId,Customers,Id
GlJournalLines,AccountCode,GlAccounts,AccountCode
GlJournalLines,JournalEntryId,GlJournalEntries,Id
HotlistPropagationEvents,local_chargeback_case_id,ChargebackCases,Id
issuer_cert_run_results,run_id,issuer_cert_runs,id
issuer_cert_run_results,test_case_id,issuer_cert_test_cases,id
issuer_cert_runs,run_id,issuer_cert_runs,id
KycDocuments,CustomerId,Customers,Id
KycDocuments,WalletAccountId,WalletAccounts,Id
LedgerEntries,WalletAccountId,WalletAccounts,Id
LimitProfiles,ProductId,CardProducts,Id
LimitProfiles,ProgramId,PrepaidPrograms,Id
NdcDeviceStatusEvents,TerminalId,NdcTerminalSessions,TerminalId
NdcDownloadArtifacts,TerminalId,NdcTerminalSessions,TerminalId
NdcElectronicJournalEntries,TerminalId,NdcTerminalSessions,TerminalId
NdcProtocolTraces,TerminalId,NdcTerminalSessions,TerminalId
network_dispute_exchange_records,screen_definition_id,atm_screen_definition,id
network_dispute_exchange_records,local_dispute_id,CustomerDisputes,Id
network_dispute_exchange_records,?,network_dispute_exchange_files,id
network_message_journal,?,network_host_profiles,host_id
network_saf_replay_queue,?,network_host_profiles,host_id
NetworkReconciliationRecord,FileId,NetworkReconciliationFile,Id
ops_rca_cases,?,ops_incidents,incident_id
ops_sla_evaluations,?,ops_incidents,incident_id
ops_sla_evaluations,?,ops_sla_policies,policy_id
PosCashAtPosAcquiring,MerchantId,PosMerchants,MerchantId
PosCommandQueue,TerminalId,PosTerminalProfiles,TerminalId
PosContactlessTransactionFlows,MerchantId,PosMerchants,MerchantId
PosContactlessTransactionFlows,TerminalId,PosTerminalProfiles,TerminalId
PosDeviceCommands,TerminalId,PosTerminalProfiles,TerminalId
PosKeyCeremonies,MerchantId,PosMerchants,MerchantId
PosKeyDownloadCertifications,TerminalId,PosTerminalProfiles,TerminalId
PosKeyDownloadSessions,TerminalId,PosTerminalProfiles,TerminalId
PosMerchantSettlementBatches,TerminalId,PosTerminalProfiles,TerminalId
PosMerchantSettlementPostings,pack_id,acquiring_cert_packs,id
PosMposEnrollments,MerchantId,PosMerchants,MerchantId
PosMposEnrollments,TerminalId,PosTerminalProfiles,TerminalId
PosOfflineContactlessBatches,TerminalId,PosTerminalProfiles,TerminalId
PosOfflineContactlessTxns,MerchantId,PosMerchants,MerchantId
PosTerminalProfiles,TerminalId,PosTerminalProfiles,TerminalId
PosTipAdjustments,MerchantId,PosMerchants,MerchantId
PosTipAdjustments,TerminalId,PosTerminalProfiles,TerminalId
PrepaidCards,AgencyId,AgencyProfiles,Id
PrepaidCards,ProductId,CardProducts,Id
PrepaidCards,CustomerId,Customers,Id
PrepaidCards,WalletAccountId,WalletAccounts,Id
ReconciliationBreaks,ReconciliationRunId,ReconciliationRuns,Id
ReconciliationExceptions,BatchId,SettlementBatches,Id
ReconciliationExceptions,SettlementRecordId,SettlementRecords,Id
retention_executions,policy_id,data_retention_policies,policy_id
ReversalWorkItems,?,SinkNodes,Id
Routes,?,SinkNodes,Id
SchemePermissions,?,Fees,Id
SchemePermissions,?,Schemes,Id
Schemes,?,Routes,Id
SecretReferences,?,UNIQUE,Name
SettlementRecords,BatchId,SettlementBatches,Id
SettlementStatementLines,SettlementStatementId,SettlementStatements,Id
StatementLines,StatementId,StatementDocuments,Id
TransactionLog,ClearingBatchId,ClearingBatches,Id
WalletAccounts,ProductId,CardProducts,Id
WalletAccounts,CustomerId,Customers,Id
